/*
Navicat MySQL Data Transfer

Source Server         : friday
Source Server Version : 80020
Source Host           : localhost:3306
Source Database       : friday

Target Server Type    : MYSQL
Target Server Version : 80020
File Encoding         : 65001

Date: 2020-10-17 21:58:38
*/
use friday;
SET NAMES utf8mb4;
ALTER DATABASE friday CHARACTER SET utf8mb4 COLLATE utf8mb4_unicode_ci;
SET FOREIGN_KEY_CHECKS=0;

-- ----------------------------
-- Table structure for sys_config
-- ----------------------------
DROP TABLE IF EXISTS `sys_config`;
CREATE TABLE `sys_config` (
  `config_id` int NOT NULL AUTO_INCREMENT COMMENT '参数主键',
  `config_name` varchar(100) DEFAULT '' COMMENT '参数名称',
  `config_key` varchar(100) DEFAULT '' COMMENT '参数键名',
  `config_value` varchar(500) DEFAULT '' COMMENT '参数键值',
  `config_type` char(1) DEFAULT 'N' COMMENT '系统内置（Y是 N否）',
  `create_by` varchar(64) DEFAULT '' COMMENT '创建者',
  `create_time` datetime DEFAULT NULL COMMENT '创建时间',
  `update_by` varchar(64) DEFAULT '' COMMENT '更新者',
  `update_time` datetime DEFAULT NULL COMMENT '更新时间',
  `remark` varchar(500) DEFAULT NULL COMMENT '备注',
  PRIMARY KEY (`config_id`)
) ENGINE=InnoDB AUTO_INCREMENT=4 DEFAULT CHARSET=utf8mb4 COLLATE=utf8mb4_unicode_ci COMMENT='参数配置表';

-- ----------------------------
-- Records of sys_config
-- ----------------------------
INSERT INTO `sys_config` VALUES ('1', '主框架页-默认皮肤样式名称', 'sys.index.skinName', 'skin-blue', 'Y', 'admin', '2018-03-16 11:33:00', 'ry', '2018-03-16 11:33:00', '蓝色 skin-blue、绿色 skin-green、紫色 skin-purple、红色 skin-red、黄色 skin-yellow');
INSERT INTO `sys_config` VALUES ('2', '用户管理-账号初始密码', 'sys.user.initPassword', '123456', 'Y', 'admin', '2018-03-16 11:33:00', 'ry', '2018-03-16 11:33:00', '初始化密码 123456');
INSERT INTO `sys_config` VALUES ('3', '主框架页-侧边栏主题', 'sys.index.sideTheme', 'theme-dark', 'Y', 'admin', '2018-03-16 11:33:00', 'ry', '2018-03-16 11:33:00', '深色主题theme-dark，浅色主题theme-light');

-- ----------------------------
-- Table structure for sys_menu
-- ----------------------------
DROP TABLE IF EXISTS `sys_menu`;
CREATE TABLE `sys_menu` (
  `menu_id` bigint NOT NULL AUTO_INCREMENT COMMENT '菜单ID',
  `menu_name` varchar(50) NOT NULL COMMENT '菜单名称',
  `parent_id` bigint DEFAULT '0' COMMENT '父菜单ID',
  `order_num` int DEFAULT '0' COMMENT '显示顺序',
  `path` varchar(200) DEFAULT '' COMMENT '路由地址',
  `component` varchar(255) DEFAULT NULL COMMENT '组件路径',
  `is_frame` int DEFAULT '1' COMMENT '是否为外链（0是 1否）',
  `menu_type` char(1) DEFAULT '' COMMENT '菜单类型（M目录 C菜单 F按钮）',
  `visible` char(1) DEFAULT '0' COMMENT '菜单状态（0显示 1隐藏）',
  `perms` varchar(100) DEFAULT NULL COMMENT '权限标识',
  `icon` varchar(100) DEFAULT '#' COMMENT '菜单图标',
  `create_by` varchar(64) DEFAULT '' COMMENT '创建者',
  `create_time` datetime DEFAULT NULL COMMENT '创建时间',
  `update_by` varchar(64) DEFAULT '' COMMENT '更新者',
  `update_time` datetime DEFAULT NULL COMMENT '更新时间',
  `remark` varchar(500) DEFAULT '' COMMENT '备注',
  PRIMARY KEY (`menu_id`)
) ENGINE=InnoDB AUTO_INCREMENT=2006 DEFAULT CHARSET=utf8mb4 COLLATE=utf8mb4_unicode_ci COMMENT='菜单权限表';

-- ----------------------------
-- Records of sys_menu
-- ----------------------------
INSERT INTO `sys_menu` VALUES ('1', '系统管理', '0', '1', 'system', null, '1', 'M', '0', '', 'system', 'admin', '2018-03-16 11:33:00', 'ry', '2018-03-16 11:33:00', '系统管理目录');
INSERT INTO `sys_menu` VALUES ('2', '系统监控', '0', '2', 'monitor', null, '1', 'M', '1', '', 'monitor', 'admin', '2018-03-16 11:33:00', 'system', '2020-04-07 00:31:53', '系统监控目录');
INSERT INTO `sys_menu` VALUES ('3', '系统工具', '0', '3', 'tool', null, '1', 'M', '0', '', 'tool', 'admin', '2018-03-16 11:33:00', 'ry', '2018-03-16 11:33:00', '系统工具目录');
INSERT INTO `sys_menu` VALUES ('100', '用户管理', '1', '1', 'user', 'system/user/index', '1', 'C', '0', 'system:user:list', 'user', 'admin', '2018-03-16 11:33:00', 'ry', '2018-03-16 11:33:00', '用户管理菜单');
INSERT INTO `sys_menu` VALUES ('101', '角色管理', '1', '2', 'role', 'system/role/index', '1', 'C', '0', 'system:role:list', 'peoples', 'admin', '2018-03-16 11:33:00', 'ry', '2018-03-16 11:33:00', '角色管理菜单');
INSERT INTO `sys_menu` VALUES ('102', '菜单管理', '1', '3', 'menu', 'system/menu/index', '1', 'C', '0', 'system:menu:list', 'tree-table', 'admin', '2018-03-16 11:33:00', 'ry', '2018-03-16 11:33:00', '菜单管理菜单');

-- ----------------------------
-- Table structure for sys_role
-- ----------------------------
DROP TABLE IF EXISTS `sys_role`;
CREATE TABLE `sys_role` (
  `role_id` bigint NOT NULL AUTO_INCREMENT COMMENT '角色ID',
  `role_name` varchar(30) NOT NULL COMMENT '角色名称',
  `role_key` varchar(100) NOT NULL COMMENT '角色权限字符串',
  `role_sort` int NOT NULL COMMENT '显示顺序',
  `data_scope` char(1) DEFAULT '1' COMMENT '数据范围（1：全部数据权限 2：自定数据权限 3：本部门数据权限 4：本部门及以下数据权限）',
  `status` char(1) NOT NULL COMMENT '角色状态（0正常 1停用）',
  `del_flag` char(1) DEFAULT '0' COMMENT '删除标志（0代表存在 2代表删除）',
  `create_by` varchar(64) DEFAULT '' COMMENT '创建者',
  `create_time` datetime DEFAULT NULL COMMENT '创建时间',
  `update_by` varchar(64) DEFAULT '' COMMENT '更新者',
  `update_time` datetime DEFAULT NULL COMMENT '更新时间',
  `remark` varchar(500) DEFAULT NULL COMMENT '备注',
  PRIMARY KEY (`role_id`)
) ENGINE=InnoDB AUTO_INCREMENT=111 DEFAULT CHARSET=utf8mb4 COLLATE=utf8mb4_unicode_ci COMMENT='角色信息表';

-- ----------------------------
-- Records of sys_role
-- ----------------------------
INSERT INTO `sys_role` VALUES ('1', '管理员', 'admin', '1', '1', '0', '0', 'admin', '2018-03-16 11:33:00', 'ry', '2018-03-16 11:33:00', '管理员');
INSERT INTO `sys_role` VALUES ('2', '普通角色', 'common', '2', '2', '0', '0', 'admin', '2018-03-16 11:33:00', 'system', '2020-04-02 07:58:06', '普通角色');
INSERT INTO `sys_role` VALUES ('100', '测试', 'test', '0', '1', '0', '0', 'admin', '2020-03-14 15:37:17', 'system', '2020-04-02 07:58:00', null);


-- ----------------------------
-- Table structure for sys_role_menu
-- ----------------------------
DROP TABLE IF EXISTS `sys_role_menu`;
CREATE TABLE `sys_role_menu` (
  `role_id` bigint NOT NULL COMMENT '角色ID',
  `menu_id` bigint NOT NULL COMMENT '菜单ID',
  PRIMARY KEY (`role_id`,`menu_id`)
) ENGINE=InnoDB DEFAULT CHARSET=utf8mb4 COLLATE=utf8mb4_unicode_ci COMMENT='角色和菜单关联表';

-- ----------------------------
-- Records of sys_role_menu
-- ----------------------------
INSERT INTO `sys_role_menu` VALUES ('1', '1');
INSERT INTO `sys_role_menu` VALUES ('1', '2');
INSERT INTO `sys_role_menu` VALUES ('1', '3');
INSERT INTO `sys_role_menu` VALUES ('1', '100');
INSERT INTO `sys_role_menu` VALUES ('1', '101');
INSERT INTO `sys_role_menu` VALUES ('1', '102');
INSERT INTO `sys_role_menu` VALUES ('1', '103');
INSERT INTO `sys_role_menu` VALUES ('1', '105');
INSERT INTO `sys_role_menu` VALUES ('1', '106');


-- ----------------------------
-- Table structure for sys_user
-- ----------------------------
DROP TABLE IF EXISTS `sys_user`;
CREATE TABLE `sys_user` (
  `user_id` bigint NOT NULL AUTO_INCREMENT COMMENT '用户ID',
  `user_name` varchar(30) NOT NULL COMMENT '用户账号',
  `nick_name` varchar(30) NOT NULL COMMENT '用户昵称',
  `user_type` varchar(2) DEFAULT '00' COMMENT '用户类型（00系统用户）',
  `email` varchar(50) DEFAULT '' COMMENT '用户邮箱',
  `phonenumber` varchar(11) DEFAULT '' COMMENT '手机号码',
  `sex` char(1) DEFAULT '0' COMMENT '用户性别（0男 1女 2未知）',
  `avatar` varchar(500) DEFAULT '' COMMENT '头像地址',
  `password` varchar(100) DEFAULT '' COMMENT '密码',
  `status` char(1) DEFAULT '0' COMMENT '帐号状态（0正常 1停用）',
  `del_flag` char(1) DEFAULT '0' COMMENT '删除标志（0代表存在 2代表删除）',
  `login_ip` varchar(50) DEFAULT '' COMMENT '最后登陆IP',
  `login_date` datetime DEFAULT NULL COMMENT '最后登陆时间',
  `create_by` varchar(64) DEFAULT '' COMMENT '创建者',
  `create_time` datetime DEFAULT NULL COMMENT '创建时间',
  `update_by` varchar(64) DEFAULT '' COMMENT '更新者',
  `update_time` datetime DEFAULT NULL COMMENT '更新时间',
  `remark` varchar(500) DEFAULT NULL COMMENT '备注',
  PRIMARY KEY (`user_id`)
) ENGINE=InnoDB AUTO_INCREMENT=135 DEFAULT CHARSET=utf8mb4 COLLATE=utf8mb4_unicode_ci COMMENT='用户信息表';

-- ----------------------------
-- Records of sys_user
-- ----------------------------
INSERT INTO `sys_user` VALUES ('1', 'admin', 'alex', '00', 'alex@163.com', '15888888888', '1', 'https://wx.qlogo.cn/mmopen/vi_32/1yzTKJKIfurhDI29RqibEicNOoH0WiaCuKb6jWppVu4uzWovO0d1ICAwuW4rB4zfUxVvGHfNuxXLHu44t3yBkgbicQ/132', '$2a$10$boXFAiZ4OdtZiT2owx.xx.F848I4rh4JCQQDvgAaEwiktcFRh8Ile', '0', '0', '127.0.0.1', '2018-03-16 11:33:00', 'admin', '2018-03-16 11:33:00', 'ry', '2020-03-15 17:33:47', '管理员');
INSERT INTO `sys_user` VALUES ('2', '元春', '元春', '00', 'yr@qq.com', '15666666666', '1', 'https://wx.qlogo.cn/mmopen/vi_32/1yzTKJKIfurhDI29RqibEicNOoH0WiaCuKb6jWppVu4uzWovO0d1ICAwuW4rB4zfUxVvGHfNuxXLHu44t3yBkgbicQ/132', '$2a$10$LP25Pp2GITfV3QX6v.MmT.jV7vi.1rnQQJeeab3/AIyJn2.kPFiOq', '0', '0', '127.0.0.1', '2018-03-16 11:33:00', 'admin', '2018-03-16 11:33:00', 'admin', '2020-03-16 22:03:17', '测试员');
INSERT INTO `sys_user` VALUES ('100', '迎春', '迎春', '00', 'test@qq.com', '13192294560', '0', 'https://wx.qlogo.cn/mmopen/vi_32/1yzTKJKIfurhDI29RqibEicNOoH0WiaCuKb6jWppVu4uzWovO0d1ICAwuW4rB4zfUxVvGHfNuxXLHu44t3yBkgbicQ/132', '$2a$10$fLcdPrdYZn9hNhTCFfMxBe0YhUYzDZgcvR89UGxDA.AnyzK1r6av.', '0', '2', '', null, 'admin', '2020-03-14 15:55:16', 'admin', '2020-03-14 15:58:17', null);

-- ----------------------------
-- Table structure for sys_user_role
-- ----------------------------
DROP TABLE IF EXISTS `sys_user_role`;
CREATE TABLE `sys_user_role` (
  `user_id` bigint NOT NULL COMMENT '用户ID',
  `role_id` bigint NOT NULL COMMENT '角色ID',
  PRIMARY KEY (`user_id`,`role_id`)
) ENGINE=InnoDB DEFAULT CHARSET=utf8mb4 COLLATE=utf8mb4_unicode_ci COMMENT='用户和角色关联表';

-- ----------------------------
-- Records of sys_user_role
-- ----------------------------
INSERT INTO `sys_user_role` VALUES ('1', '1');
INSERT INTO `sys_user_role` VALUES ('2', '2');
INSERT INTO `sys_user_role` VALUES ('100', '2');
INSERT INTO `sys_user_role` VALUES ('104', '2');
INSERT INTO `sys_user_role` VALUES ('109', '100');
INSERT INTO `sys_user_role` VALUES ('110', '100');
INSERT INTO `sys_user_role` VALUES ('111', '100');
INSERT INTO `sys_user_role` VALUES ('112', '100');
INSERT INTO `sys_user_role` VALUES ('115', '100');